{
    "rata_rata_umur":{
        "Bajeng Barat, Kabupaten Gowa":34.3937671861,
        "Bajeng, Kabupaten Gowa":33.424795082,
        "Biringbulu, Kabupaten Gowa":39.5,
        "Biringkanaya, Kota Makassar":31.6149828921,
        "Bontoala, Kota Makassar":34.5742766408,
        "Bontomarannu, Kabupaten Gowa":32.7298270893,
        "Bontonompo Selatan, Kabupaten Gowa":33.2526577697,
        "Bontonompo, Kabupaten Gowa":36.2505583473,
        "Makassar, Kota Makassar":32.8634117521,
        "Mamajang, Kota Makassar":36.7414453874,
        "Manggala, Kota Makassar":33.0588877688,
        "Manuju, Kabupaten Gowa":34.1061032864,
        "Mariso, Kota Makassar":28.0,
        "Pallangga, Kabupaten Gowa":32.9032412105,
        "Panakkukang, Kota Makassar":32.86540232,
        "Parangloe, Kabupaten Gowa":31.811965812,
        "Parigi, Kabupaten Gowa":39.406779661,
        "Rappocini, Kota Makassar":33.7930806314,
        "Somba Opu, Kabupaten Gowa":31.7718362448,
        "Tallo, Kota Makassar":34.5156437328,
        "Tamalanrea, Kota Makassar":31.6038461538,
        "Tamalate, Kota Makassar":33.381097561,
        "Ujung Pandang, Kota Makassar":33.5066666667,
        "Ujung Tanah, Kota Makassar":31.8625954198,
        "Wajo, Kota Makassar":32.7669477234
    },
    "laki-laki_pct":{
        "Bajeng Barat, Kabupaten Gowa":48.8359303391,
        "Bajeng, Kabupaten Gowa":48.125,
        "Biringbulu, Kabupaten Gowa":43.75,
        "Biringkanaya, Kota Makassar":49.4687556276,
        "Bontoala, Kota Makassar":48.9061397318,
        "Bontomarannu, Kabupaten Gowa":47.4063400576,
        "Bontonompo Selatan, Kabupaten Gowa":47.7719972857,
        "Bontonompo, Kabupaten Gowa":46.5522054718,
        "Makassar, Kota Makassar":49.7207003975,
        "Mamajang, Kota Makassar":47.0982753901,
        "Manggala, Kota Makassar":47.7066532258,
        "Manuju, Kabupaten Gowa":44.9765258216,
        "Mariso, Kota Makassar":49.0538573508,
        "Pallangga, Kabupaten Gowa":48.8807974691,
        "Panakkukang, Kota Makassar":47.4682378936,
        "Parangloe, Kabupaten Gowa":49.5726495726,
        "Parigi, Kabupaten Gowa":47.1968709257,
        "Rappocini, Kota Makassar":47.4335948577,
        "Somba Opu, Kabupaten Gowa":49.3265768769,
        "Tallo, Kota Makassar":49.2013768032,
        "Tamalanrea, Kota Makassar":48.0769230769,
        "Tamalate, Kota Makassar":48.4390243902,
        "Ujung Pandang, Kota Makassar":45.7777777778,
        "Ujung Tanah, Kota Makassar":52.6717557252,
        "Wajo, Kota Makassar":46.3069139966
    },
    "perempuan_pct":{
        "Bajeng Barat, Kabupaten Gowa":51.1640696609,
        "Bajeng, Kabupaten Gowa":51.875,
        "Biringbulu, Kabupaten Gowa":56.25,
        "Biringkanaya, Kota Makassar":50.5312443724,
        "Bontoala, Kota Makassar":51.0938602682,
        "Bontomarannu, Kabupaten Gowa":52.5936599424,
        "Bontonompo Selatan, Kabupaten Gowa":52.2280027143,
        "Bontonompo, Kabupaten Gowa":53.4477945282,
        "Makassar, Kota Makassar":50.2792996025,
        "Mamajang, Kota Makassar":52.9017246099,
        "Manggala, Kota Makassar":52.2933467742,
        "Manuju, Kabupaten Gowa":55.0234741784,
        "Mariso, Kota Makassar":50.9461426492,
        "Pallangga, Kabupaten Gowa":51.1192025309,
        "Panakkukang, Kota Makassar":52.5317621064,
        "Parangloe, Kabupaten Gowa":50.4273504274,
        "Parigi, Kabupaten Gowa":52.8031290743,
        "Rappocini, Kota Makassar":52.5664051423,
        "Somba Opu, Kabupaten Gowa":50.6734231231,
        "Tallo, Kota Makassar":50.7986231968,
        "Tamalanrea, Kota Makassar":51.9230769231,
        "Tamalate, Kota Makassar":51.5609756098,
        "Ujung Pandang, Kota Makassar":54.2222222222,
        "Ujung Tanah, Kota Makassar":47.3282442748,
        "Wajo, Kota Makassar":53.6930860034
    },
    "Cluster":{
        "Bajeng Barat, Kabupaten Gowa":7,
        "Bajeng, Kabupaten Gowa":6,
        "Biringbulu, Kabupaten Gowa":1,
        "Biringkanaya, Kota Makassar":4,
        "Bontoala, Kota Makassar":7,
        "Bontomarannu, Kabupaten Gowa":6,
        "Bontonompo Selatan, Kabupaten Gowa":6,
        "Bontonompo, Kabupaten Gowa":2,
        "Makassar, Kota Makassar":4,
        "Mamajang, Kota Makassar":2,
        "Manggala, Kota Makassar":6,
        "Manuju, Kabupaten Gowa":0,
        "Mariso, Kota Makassar":5,
        "Pallangga, Kabupaten Gowa":7,
        "Panakkukang, Kota Makassar":6,
        "Parangloe, Kabupaten Gowa":4,
        "Parigi, Kabupaten Gowa":2,
        "Rappocini, Kota Makassar":6,
        "Somba Opu, Kabupaten Gowa":4,
        "Tallo, Kota Makassar":7,
        "Tamalanrea, Kota Makassar":6,
        "Tamalate, Kota Makassar":7,
        "Ujung Pandang, Kota Makassar":0,
        "Ujung Tanah, Kota Makassar":3,
        "Wajo, Kota Makassar":0
    }
}