{
    "batuk_pct":{
        "Bajeng Barat, Kabupaten Gowa":12.1173235564,
        "Bajeng, Kabupaten Gowa":11.8340163934,
        "Biringbulu, Kabupaten Gowa":37.5,
        "Biringkanaya, Kota Makassar":2.7372591392,
        "Bontoala, Kota Makassar":0.8292166549,
        "Bontomarannu, Kabupaten Gowa":14.7694524496,
        "Bontonompo Selatan, Kabupaten Gowa":7.8489029631,
        "Bontonompo, Kabupaten Gowa":16.4293690676,
        "Makassar, Kota Makassar":3.9692770437,
        "Mamajang, Kota Makassar":6.8984396387,
        "Manggala, Kota Makassar":5.0655241935,
        "Manuju, Kabupaten Gowa":2.1596244131,
        "Mariso, Kota Makassar":3.6390101892,
        "Pallangga, Kabupaten Gowa":9.1864143735,
        "Panakkukang, Kota Makassar":4.6216166452,
        "Parangloe, Kabupaten Gowa":9.4017094017,
        "Parigi, Kabupaten Gowa":7.0404172099,
        "Rappocini, Kota Makassar":2.3064561868,
        "Somba Opu, Kabupaten Gowa":6.587545006,
        "Tallo, Kota Makassar":5.677379433,
        "Tamalanrea, Kota Makassar":11.3461538462,
        "Tamalate, Kota Makassar":9.2012195122,
        "Ujung Pandang, Kota Makassar":0.0,
        "Ujung Tanah, Kota Makassar":0.7633587786,
        "Wajo, Kota Makassar":1.8212478921
    },
    "sesak_nafas_pct":{
        "Bajeng Barat, Kabupaten Gowa":5.6461961503,
        "Bajeng, Kabupaten Gowa":5.0307377049,
        "Biringbulu, Kabupaten Gowa":0.0,
        "Biringkanaya, Kota Makassar":0.4862236629,
        "Bontoala, Kota Makassar":0.158786168,
        "Bontomarannu, Kabupaten Gowa":0.8645533141,
        "Bontonompo Selatan, Kabupaten Gowa":1.3797783307,
        "Bontonompo, Kabupaten Gowa":11.2786152987,
        "Makassar, Kota Makassar":0.478032012,
        "Mamajang, Kota Makassar":1.4645496852,
        "Manggala, Kota Makassar":0.6636424731,
        "Manuju, Kabupaten Gowa":1.5962441315,
        "Mariso, Kota Makassar":1.1644832606,
        "Pallangga, Kabupaten Gowa":3.4978809765,
        "Panakkukang, Kota Makassar":2.4489044375,
        "Parangloe, Kabupaten Gowa":0.0,
        "Parigi, Kabupaten Gowa":0.9126466754,
        "Rappocini, Kota Makassar":0.5009925324,
        "Somba Opu, Kabupaten Gowa":0.8267769036,
        "Tallo, Kota Makassar":1.3265266659,
        "Tamalanrea, Kota Makassar":3.0769230769,
        "Tamalate, Kota Makassar":2.0731707317,
        "Ujung Pandang, Kota Makassar":0.0,
        "Ujung Tanah, Kota Makassar":0.0,
        "Wajo, Kota Makassar":0.2360876897
    },
    "keringat_malam_pct":{
        "Bajeng Barat, Kabupaten Gowa":0.3849679193,
        "Bajeng, Kabupaten Gowa":0.5020491803,
        "Biringbulu, Kabupaten Gowa":0.0,
        "Biringkanaya, Kota Makassar":0.0720331352,
        "Bontoala, Kota Makassar":0.1235003529,
        "Bontomarannu, Kabupaten Gowa":0.288184438,
        "Bontonompo Selatan, Kabupaten Gowa":0.65596019,
        "Bontonompo, Kabupaten Gowa":1.116694584,
        "Makassar, Kota Makassar":1.4770652057,
        "Mamajang, Kota Makassar":1.2044894607,
        "Manggala, Kota Makassar":0.9072580645,
        "Manuju, Kabupaten Gowa":0.0938967136,
        "Mariso, Kota Makassar":0.5822416303,
        "Pallangga, Kabupaten Gowa":1.4624246404,
        "Panakkukang, Kota Makassar":1.2152458111,
        "Parangloe, Kabupaten Gowa":0.0,
        "Parigi, Kabupaten Gowa":0.0,
        "Rappocini, Kota Makassar":0.1417903394,
        "Somba Opu, Kabupaten Gowa":1.2401653554,
        "Tallo, Kota Makassar":1.7519433809,
        "Tamalanrea, Kota Makassar":0.5769230769,
        "Tamalate, Kota Makassar":0.8963414634,
        "Ujung Pandang, Kota Makassar":0.0,
        "Ujung Tanah, Kota Makassar":0.0,
        "Wajo, Kota Makassar":0.0
    },
    "demam_meriang_pct":{
        "Bajeng Barat, Kabupaten Gowa":0.054995417,
        "Bajeng, Kabupaten Gowa":0.143442623,
        "Biringbulu, Kabupaten Gowa":0.0,
        "Biringkanaya, Kota Makassar":0.4502070953,
        "Bontoala, Kota Makassar":0.2470007057,
        "Bontomarannu, Kabupaten Gowa":0.2161383285,
        "Bontonompo Selatan, Kabupaten Gowa":0.4976249717,
        "Bontonompo, Kabupaten Gowa":0.9073143495,
        "Makassar, Kota Makassar":2.3901600602,
        "Mamajang, Kota Makassar":1.3550506433,
        "Manggala, Kota Makassar":0.9912634409,
        "Manuju, Kabupaten Gowa":0.8450704225,
        "Mariso, Kota Makassar":0.5822416303,
        "Pallangga, Kabupaten Gowa":2.3279412643,
        "Panakkukang, Kota Makassar":1.325722703,
        "Parangloe, Kabupaten Gowa":0.0,
        "Parigi, Kabupaten Gowa":0.0,
        "Rappocini, Kota Makassar":0.1606957179,
        "Somba Opu, Kabupaten Gowa":2.2136284838,
        "Tallo, Kota Makassar":1.6591251885,
        "Tamalanrea, Kota Makassar":1.1538461538,
        "Tamalate, Kota Makassar":1.4512195122,
        "Ujung Pandang, Kota Makassar":0.0,
        "Ujung Tanah, Kota Makassar":0.0,
        "Wajo, Kota Makassar":0.1011804384
    },
    "Cluster":{
        "Bajeng Barat, Kabupaten Gowa":4,
        "Bajeng, Kabupaten Gowa":4,
        "Biringbulu, Kabupaten Gowa":2,
        "Biringkanaya, Kota Makassar":3,
        "Bontoala, Kota Makassar":3,
        "Bontomarannu, Kabupaten Gowa":3,
        "Bontonompo Selatan, Kabupaten Gowa":3,
        "Bontonompo, Kabupaten Gowa":0,
        "Makassar, Kota Makassar":1,
        "Mamajang, Kota Makassar":1,
        "Manggala, Kota Makassar":1,
        "Manuju, Kabupaten Gowa":3,
        "Mariso, Kota Makassar":3,
        "Pallangga, Kabupaten Gowa":1,
        "Panakkukang, Kota Makassar":1,
        "Parangloe, Kabupaten Gowa":3,
        "Parigi, Kabupaten Gowa":3,
        "Rappocini, Kota Makassar":3,
        "Somba Opu, Kabupaten Gowa":1,
        "Tallo, Kota Makassar":1,
        "Tamalanrea, Kota Makassar":1,
        "Tamalate, Kota Makassar":1,
        "Ujung Pandang, Kota Makassar":3,
        "Ujung Tanah, Kota Makassar":3,
        "Wajo, Kota Makassar":3
    }
}